x,y,cov1,cov2
1262.9258727836482,988.8093578943159,35,-0.57
1286.6153591312475,991.2839714025082,30,-0.72
1310.3003750234748,993.8069484306862,27,-0.87
1333.9808339440985,996.3782797629667,22,-1.01
1357.6566493935286,998.9979560068284,46,-1.14
1241.8181193104692,957.2676615954348,14,-0.54
1265.5640736487678,959.699235927977,38,-0.7
1289.305634427484,962.1792891527056,58,-0.85
1313.0427149238349,964.7078122105263,100,-1
1336.7752284314088,967.2847958652918,156,-1.14
1360.5030882604703,969.910230703836,180,-1.27
1384.2262077382854,972.5841071360154,168,-1.39
1407.944500209437,975.3064153947373,144,-1.5
1220.6031570391856,925.749233561518,33,-0.54
1244.4055379360723,928.1375497822092,35,-0.69
1268.2036025609245,930.5744601830945,66,-0.85
1291.9972639845666,933.0599558626701,24,-0.99
1315.7864352939037,935.5940277419533,48,-1.13
1339.571029592247,938.1766665645317,248,-1.27
1363.3509599996219,940.8078628965839,266,-1.39
1387.1261396530913,943.4876071269196,174,-1.51
1410.8964817070735,946.2158894670132,201,-1.61
1434.661899333651,948.9926999510394,175,-1.7
1199.2809856124475,894.2541646563232,45,-0.56
1223.1397514732469,896.5990038280713,41,-0.71
1246.9942787413293,898.9925523834928,54,-0.86
1270.8444802812676,901.4348015794696,109,-1
1294.690268973441,903.9257424950017,67,-1.14
1318.5315577143456,906.4653660312156,297,-1.27
1342.368259416918,909.0536629114163,381,-1.39
1366.2002870108474,911.6906236811211,432,-1.51
1390.027553442897,914.3762387080791,407,-1.62
1413.849971677223,917.110498182319,279,-1.71
1437.6674546956842,919.8933921161843,234,-1.8
1461.4799154981783,922.7249103443656,170,-1.87
1153.932421563604,860.5302353574739,64,-0.45
1177.8516037962086,862.782545632623,65,-0.6
1201.7667128638934,865.0836888156424,86,-0.74
1225.6776614099413,867.4336565009573,139,-0.89
1249.584362092836,869.8324401046477,141,-1.02
1273.4867275865731,872.2800308644686,263,-1.16
1297.3846705809883,874.7764198399096,512,-1.28
1321.278103782069,877.321597912195,659,-1.4
1345.1669399122795,879.9155557843458,641,-1.52
1369.0510917108732,882.5582839811952,708,-1.62
1392.9304719342144,885.2497728494257,524,-1.71
1416.8049933560992,887.9900125576136,358,-1.8
1440.674568768065,890.7789930962531,321,-1.87
1464.539110979727,893.6167042778079,233,-1.94
1488.3985328190774,896.503135736731,218,-1.99
1132.3396046273,829.1261866596753,89,-0.53
1156.3150094790938,831.3344671288162,193,-0.66
1180.28641983448,833.5916953788513,284,-0.8
1204.2537481310903,835.8978631646178,446,-0.93
1228.2169068214625,838.2529620621797,587,-1.07
1252.1758083733685,840.6569834688739,995,-1.19
1276.1303652701242,843.1099186033282,1218,-1.31
1300.080490010922,845.6117585055026,1240,-1.42
1324.02609511114,848.1624940367186,1138,-1.53
1347.9670931026715,850.7621158796898,918,-1.62
1371.903396534232,853.4106145385639,753,-1.71
1395.8349179716886,856.1079803389437,506,-1.79
1419.7615699983762,858.8542034279394,455,-1.86
1443.683265215411,861.6492737741931,376,-1.93
1467.5999162420248,864.4931811679152,286,-1.98
1491.511435715868,867.3859152209302,257,-2.03
1515.4177362933372,870.3274653667066,230,-2.06
1110.639614673436,797.7459878667704,197,-0.63
1134.6711996716601,799.9100196656982,307,-0.75
1158.6988692336292,802.1231140322237,588,-0.88
1182.7225355914675,804.3852628823918,837,-1
1206.7421109919267,806.6964579530636,1050,-1.12
1230.7575076966968,809.0566908019418,1252,-1.24
1254.7686379827355,811.4659528076111,1518,-1.35
1278.775414142579,813.924235169553,1707,-1.45
1302.7777484846738,816.4315289082006,1687,-1.54
1326.7755533336879,818.987824864948,1359,-1.63
1350.768741030839,821.5931137022,985,-1.7
1374.7572239342069,824.2473859034058,744,-1.78
1398.7409144190567,826.9506317730766,556,-1.84
1422.719724878162,829.7028414368442,466,-1.9
1446.693567722115,832.5040048414819,393,-1.95
1470.6623553796637,835.3541117549461,340,-2
1494.626000298015,838.2531517664155,303,-2.04
1518.5844149431623,841.201114286321,252,-2.07
1542.5375118002044,844.1979885463937,221,-2.09
1040.6458469843897,762.2981634652924,65,-0.55
1064.7409774880632,764.319350139499,151,-0.64
1088.832447995446,766.3897293863139,280,-0.74
1112.9201705056073,768.50929364309,599,-0.85
1137.004057031314,770.6780351675135,882,-0.97
1161.0840195993424,772.8959460376476,1000,-1.08
1185.1599702508024,775.1630181519415,1127,-1.19
1209.2318210414621,777.4792432292686,1348,-1.3
1233.2994840420613,779.8446128089624,1779,-1.39
1257.3628713386397,782.2591182508442,1950,-1.48
1281.4218950328504,784.7227507352397,2042,-1.56
1305.4764672422905,787.2355012630404,1975,-1.63
1329.5265001008145,789.7973606557101,1330,-1.7
1353.571905758863,792.4083195553294,1064,-1.76
1377.6125963837737,795.068368424636,756,-1.81
1401.6484841601098,797.7774975470406,590,-1.86
1425.6794812899784,800.5356970266836,478,-1.9
1449.7054999933453,803.3429567884635,396,-1.95
1473.7264525083715,806.199266578062,362,-1.98
1497.7422510917172,809.1046159620025,303,-2.02
1521.7528080188688,812.0589943276694,272,-2.04
1545.7580355844618,815.0623908833599,236,-2.06
1569.757846102595,818.1147946583166,179,-2.07
897.8136172635503,721.9141432809264,22,-0.29
921.9812573689885,723.6437758211265,52,-0.37
946.1457589484758,725.4227495130016,181,-0.46
970.3070337343252,727.2510578583417,270,-0.54
994.46499347063,729.1286941787355,100,-0.62
1018.6195499135935,731.0556516155816,119,-0.7
1042.7706148318514,733.0319231301261,155,-0.78
1066.9181000067906,735.0575015034726,268,-0.87
1091.0619172328823,737.1323793366249,667,-0.96
1115.2019783179835,739.2565490505019,1056,-1.06
1139.3381950836804,741.4300028859705,1264,-1.16
1163.470479365598,743.6527329038748,1545,-1.25
1187.5987430137266,745.9247309850665,1690,-1.35
1211.722897892746,748.2459888304248,1950,-1.44
1235.8428558823402,750.6164979609003,2096,-1.51
1259.9585288775272,753.0362497175356,2289,-1.58
1284.0698287889713,755.5052352614977,2361,-1.64
1308.1766675433166,758.0234455741223,1913,-1.69
1332.2789570834982,760.5908714569307,1308,-1.73
1356.3766093690754,763.2075035316709,1005,-1.77
1380.4695363765397,765.8733322403547,803,-1.8
1404.5576500996463,768.588347845283,682,-1.84
1428.6408625497315,771.3525404290948,569,-1.87
1452.719085756031,774.1658998947936,469,-1.9
1476.7922317660134,777.0284159657829,407,-1.93
1500.860212645687,779.9400781859151,355,-1.96
1524.922940479929,782.9008759195169,307,-1.99
1548.980327372804,785.910798351435,269,-2
1573.0322854478857,788.9698344870749,222,-2.02
1597.0787268485842,792.0779731524407,180,-2.02
1621.1195637384499,795.2352029941737,153,-2.02
875.4019839320977,690.9235662605516,34,-0.34
899.6251084337387,692.607496420144,39,-0.45
923.8451760716057,694.3408811002171,46,-0.56
948.0620983750302,696.1237139690953,79,-0.66
972.275786884844,697.9559885144738,436,-0.75
996.4861531536844,699.8376980434505,644,-0.83
1020.6931087463247,701.7688356825441,594,-0.91
1044.896565239998,703.7493943777353,448,-0.99
1069.096434224716,705.7793668944644,502,-1.06
1093.292627303603,707.858745817684,846,-1.14
1117.485056093199,709.9875235518758,1047,-1.22
1141.6736322238016,712.1656923210716,1354,-1.3
1165.858267339779,714.393244168895,1566,-1.38
1190.0388730998948,716.6701709585818,1857,-1.46
1214.2153611776346,718.9964643730088,2041,-1.53
1238.3876432615207,721.3721159147315,2207,-1.58
1262.555631055442,723.797116906009,2289,-1.63
1286.7192362789683,726.2714584888365,2430,-1.67
1310.878370667684,728.7951316249844,2502,-1.69
1335.0329459734999,731.3681270960145,1445,-1.72
1359.182873964986,733.9904355033366,1124,-1.74
1383.3280664276824,736.6620472682253,896,-1.75
1407.4684351644291,739.3829526318578,750,-1.77
1431.6038919956873,742.1531416553602,649,-1.8
1455.7343487598548,744.9726042198283,564,-1.82
1479.859717313602,747.8413300263775,504,-1.84
1503.9799095321803,750.7593085961737,431,-1.87
1528.0948373097494,753.7265292704733,370,-1.9
1552.2044125596997,756.7429812106606,297,-1.92
1576.308547214971,759.8086533982889,258,-1.93
1600.4071532283842,762.9235346351248,202,-1.94
1624.5001425729442,766.087613543181,170,-1.95
1648.5874272421793,769.3008785647589,147,-1.95
852.8834702560122,659.9587298484037,53,-0.33
877.1620332980175,661.5967393572942,52,-0.47
901.4376215289966,663.2843166622464,60,-0.6
925.7101462754841,665.0214555989064,30,-0.72
949.9795188751968,666.8081498218825,106,-0.83
974.245650677377,668.6443928047673,274,-0.92
998.5084530430975,670.5301778401647,709,-1
1022.7678373455944,672.4654980397056,892,-1.08
1047.0237149705897,674.4503463340884,808,-1.14
1071.2759973166128,676.4847154730903,824,-1.21
1095.5245957953323,678.5685980256018,1025,-1.27
1119.7694218318636,680.7019863796517,1338,-1.33
1144.0103868651079,682.8848727424318,1555,-1.39
1168.2474023480681,685.1172491403344,1645,-1.45
1192.4803797481743,687.3991074189717,1832,-1.51
1216.7092305476087,689.730439243206,2103,-1.55
1240.9338662436246,692.1112360971889,2222,-1.59
1265.1541983488753,694.5414892843861,2337,-1.62
1289.3701383917269,697.0211899276061,2448,-1.63
1313.5815979165964,699.5503289690422,2562,-1.64
1337.788488484262,702.1288971702937,2619,-1.65
1361.9907216721977,704.7568851124151,1544,-1.65
1386.1882090748838,707.4342831959303,1140,-1.66
1410.3808623041389,710.1610816408855,1012,-1.67
1434.5685929894398,712.9372704868773,903,-1.68
1458.7513127782388,715.762839593085,793,-1.69
1482.9289333363015,718.6377786383201,667,-1.72
1507.1013663480132,721.5620771210547,573,-1.74
1531.2685235167103,724.5357243594542,500,-1.77
1555.4303165649997,727.5587094914329,377,-1.8
1579.586657235082,730.6310214746801,340,-1.82
1603.7374572890794,733.752649086706,316,-1.84
1627.882628509344,736.9235809248775,252,-1.85
1652.0220826987945,740.1438054064699,165,-1.86
123.71499139586122,604.4871264066002,33,0.28
148.0941272491183,604.6364565370353,30,0.33
172.4729514185519,604.835562527113,46,0.36
805.9213110826091,627.4775402556857,104,-0.07
830.2580701291492,629.0197240382993,99,-0.24
854.5920256946869,630.6115946137579,102,-0.4
878.9230888925492,632.253146167306,104,-0.56
903.2511708466311,633.9443727027061,170,-0.7
927.5761826917179,635.6852680422795,176,-0.83
951.898035573803,637.47582582691,312,-0.95
976.2166406504293,639.3160395160774,441,-1.04
1000.5319090909968,641.2059023878811,700,-1.12
1024.8437520770935,643.1454075390561,994,-1.18
1049.152080802822,645.134547885017,1096,-1.24
1073.4568064751181,647.1733161598619,987,-1.29
1097.7578403140876,649.2617049164104,1228,-1.33
1122.0550935533095,651.3997065262316,1410,-1.38
1146.3484774401811,653.5873131796695,1767,-1.42
1170.63790323623,655.8245168858689,1899,-1.45
1194.923282217442,658.1113094728115,2046,-1.49
1219.2045256745891,660.4476825873354,2221,-1.51
1243.4815449135451,662.8336276951792,2360,-1.53
1267.7542512556163,665.2691360809987,2494,-1.54
1292.022556037859,667.7541988484132,2536,-1.54
1316.286370613412,670.2888069200231,2616,-1.54
1340.545606351812,672.8729510374528,2734,-1.53
1364.8001746393275,675.5066217613901,2741,-1.52
1389.0499868792704,678.1898094715986,2821,-1.51
1413.2949544923272,680.9225043669773,2950,-1.51
1437.534988916882,683.7046964655862,1728,-1.52
1461.770001609333,686.5363756046736,969,-1.53
1485.999904044431,689.4175314407346,861,-1.55
1510.224607715587,692.3481534495295,755,-1.58
1534.4440241352038,695.328230926127,683,-1.61
1558.6580648349966,698.3577529849533,589,-1.65
1582.8666413663163,701.4367085598202,504,-1.68
1607.0696653004807,704.5650864039695,404,-1.7
1631.2670482290769,707.7428750901114,320,-1.73
1655.4587017643069,710.970063010474,248,-1.75
1679.644537539298,714.246638376837,194,-1.76
50.550286649604985,574.9169356441423,38,-0.07
74.98245846247205,574.9169356501284,45,-0.04
99.41458565261534,574.9668200747329,44,0
123.84657897475873,575.066588735736,44,0.04
148.27834918412245,575.2162412687113,55,0.08
172.7098070367399,575.415777127001,58,0.12
197.14086328978374,575.6651955817496,78,0.15
221.57142870189887,575.9644957218849,88,0.16
246.0014140335177,576.3136764541283,74,0.17
270.4307300471953,576.7127365029975,78,0.17
294.85928750792607,577.1616744108132,74,0.16
319.28699718347883,577.6604885376993,83,0.15
343.7137698447229,578.2091770616028,84,0.14
368.13951626594485,578.8077379782748,79,0.14
392.56414722518167,579.4561691013082,82,0.16
416.9875735045468,580.1544680621229,91,0.2
441.40970589054655,580.9026323099831,91,0.25
465.83045517442497,581.7006591120072,103,0.33
490.24973215247024,582.5485455531739,95,0.41
514.6674476263513,583.4462885363413,116,0.51
539.0835124034402,584.393884782248,109,0.6
563.4978372971372,585.391330829529,120,0.68
587.910333127205,586.4386230347292,113,0.75
612.3209107200769,587.53575757232,113,0.79
636.7294809091999,588.68273043470106,131,0.79
661.1359545353522,589.8795374322344,123,0.75
685.5402424469701,591.1261741932411,127,0.68
709.9422555004721,592.4226361640242,133,0.57
734.3419045605915,593.7689186088935,201,0.44
758.7391005006937,595.1650166101676,193,0.28
783.1337542031005,596.6109250682053,144,0.11
807.5257765594257,598.1066387014121,175,-0.08
831.9150784708912,599.6521520462749,334,-0.26
856.3015708486615,601.2474594573658,254,-0.44
880.6851646141588,602.8925551073711,389,-0.61
905.0657706993936,604.5874329871126,492,-0.76
929.4433000472939,606.3320869055699,519,-0.89
953.8176636120165,608.1265104899005,588,-1.01
978.188772359295,609.9706971854622,708,-1.1
1002.5565372667442,611.8646402558403,745,-1.17
1026.9208693241947,613.8083327828705,999,-1.23
1051.281679534017,615.8017676666665,1244,-1.27
1075.6388789114442,617.8449376256414,1314,-1.3
1099.9923784849063,619.9378351965355,1309,-1.33
1124.3420892963372,622.0804527344518,1564,-1.35
1148.687922401517,624.2727824128676,1917,-1.38
1173.0297888703885,626.5148162236811,2137,-1.39
1197.3675997873827,628.8065459772274,2153,-1.41
1221.7012662517493,631.1479633023117,2366,-1.42
1246.0306993778715,633.5390596462449,2355,-1.42
1270.3558102956003,635.9798262748702,2484,-1.41
1294.6765101505682,638.4702542725948,2619,-1.4
1318.9927101045269,641.0103345424263,2735,-1.38
1343.3043213356605,643.600057805997,2792,-1.36
1367.6112550389207,646.2394146036152,2867,-1.34
1391.9134224263407,648.9283952942759,2872,-1.33
1416.2107347273643,651.6669900557177,2862,-1.32
1440.5031031891722,654.4551888844464,2917,-1.32
1464.7904390769972,657.292981595777,2972,-1.34
1489.0726536744655,660.1803578238619,1695,-1.36
1513.3496582839025,663.1173070217486,1288,-1.39
1537.621364226667,666.1038184613919,1087,-1.43
1561.8876828434727,669.1398812337125,873,-1.47
1586.1485254947102,672.2254842486332,725,-1.5
1610.4038035607791,675.3606162351153,637,-1.54
1634.6534284423954,678.5452657411946,493,-1.57
1658.8973115609315,681.7794211340412,379,-1.6
1683.1353643587324,685.063070599983,276,-1.62
26.039160398014914,545.5288024328495,52,-0.26
50.523953601279565,545.4788104891334,61,-0.25
75.00879152343734,545.4788104951315,61,-0.23
99.49358472668239,545.5288024508453,57,-0.21
123.978243773361,545.6287861736637,61,-0.18
148.46267922631696,545.7787612983725,73,-0.14
172.94680164920896,545.9787272771363,127,-0.12
197.43052160683723,546.2286833795297,228,-0.09
221.91374966547778,546.5286286925124,243,-0.07
246.3963963931976,546.8785621204539,355,-0.05
270.87837236019124,547.27848238512,314,-0.04
295.3595881390975,547.7283880256887,339,-0.03
319.8399543053359,548.2282773987529,242,-0.01
344.31938143743304,548.7781486783249,209,0.01
368.79778011734,549.3779998558446,260,0.04
393.2750609307665,550.0278287401838,144,0.09
417.7511344675075,550.7276329576587,131,0.16
442.2259113217602,551.4774099520399,201,0.25
466.6993020924697,552.2771569845476,143,0.35
491.17121738363676,553.1268711338823,204,0.47
515.6415678046533,554.0265492962238,141,0.58
540.1102639706277,554.9761881852439,167,0.69
564.577216502709,555.9757843321114,420,0.78
589.0423360284227,557.0253340855213,337,0.85
613.5055331819786,558.1248336116963,289,0.89
637.9667186046167,559.2742788944025,365,0.88
662.4258029449223,560.4736657349634,307,0.84
686.8826968591569,561.72298975228,246,0.75
711.33731101158,563.0222463828414,345,0.63
735.789556074785,564.3714308807478,396,0.49
760.2393427300152,565.7705383177149,383,0.31
784.6865816674899,567.2195635831091,371,0.13
809.1311835867406,568.7185013839548,641,-0.07
833.5730591969273,570.2673462449587,507,-0.26
858.0121192171742,571.8660925085215,747,-0.44
882.4482743768851,573.5147343347708,765,-0.61
906.8814354160755,575.2132657015756,851,-0.77
931.3115130857011,576.9616804045697,710,-0.9
955.7384181479715,578.7599720571731,780,-1.01
980.1620613766972,580.6081340906132,985,-1.09
1004.5823535575962,582.5061597539545,1090,-1.15
1028.9992054886284,584.4540421141204,1166,-1.19
1053.4125279803202,586.4517740559223,1268,-1.22
1077.8222318560886,588.4993482820735,1425,-1.24
1102.228227952577,590.5967573132285,1457,-1.26
1126.6304271199597,592.7439934880098,1461,-1.27
1151.0287402222887,594.9410489630228,1812,-1.27
1175.423078137809,597.1879157129054,2100,-1.28
1199.8133517592842,599.484585530341,2440,-1.28
1224.1994719943295,601.8310500260836,2439,-1.27
1248.5813497657261,604.2273006290155,2504,-1.26
1272.958896011755,606.6733285861467,2668,-1.24
1297.3320216865152,609.1691249626667,2740,-1.21
1321.7006377602572,611.7146806419737,2820,-1.19
1346.0646552197004,614.3099863257048,2932,-1.16
1370.4239850683691,616.9550325337675,2964,-1.13
1394.7785383269031,619.6498096043839,2923,-1.11
1419.1282260333928,622.3943076941157,2979,-1.1
1443.4729592437025,625.1885167779027,2979,-1.11
1467.8126490317886,628.0324266491074,2899,-1.12
1492.1472064900395,630.9260269195402,3125,-1.14
1516.476542729583,633.8693070195108,3137,-1.18
1540.8005688806222,636.8622561978474,3187,-1.22
1565.1191960927565,639.9048635219605,1832,-1.27
1589.432335535304,642.9971178778608,1034,-1.31
1613.7398983976361,646.1390079702154,798,-1.36
1638.0417958894834,649.3305223223773,616,-1.39
1662.3379392412783,652.5716492764375,472,-1.43
1686.6282397044693,655.8623769932587,336,-1.46
25.9601143804928,516.0732872042171,73,-0.4
50.497604900905955,516.0231876655021,80,-0.4
75.03514023645833,516.0231876715117,113,-0.4
99.57263075685185,516.0732872222527,145,-0.38
124.1099868319409,516.1734861347155,328,-0.37
148.64711883207843,516.3237840429018,439,-0.35
173.18393712843402,516.524180397798,478,-0.33
197.72035209332137,516.7746744674043,720,-0.3
222.2562741005329,517.0752653367189,655,-0.28
246.7916135256562,517.4259519077519,638,-0.26
271.3262807464107,517.8267328995161,483,-0.24
295.86018614296546,518.2776068480503,557,-0.21
320.3932400982762,518.778572106402,479,-0.18
344.9253529984125,519.3296268446632,651,-0.13
369.45643523287566,519.9307690499426,417,-0.07
393.98639719493394,520.5819965264,430,0
418.5151492819493,521.283306895246,417,0.1
443.0426018956956,522.0346975947413,284,0.21
467.568665442705,522.8361658802189,269,0.34
492.09325033457577,523.6877088240901,292,0.48
516.6162669883095,524.5893233158528,289,0.62
541.1376258266356,525.5410060621058,602,0.74
565.6572372783385,526.5427535865541,626,0.84
590.1750117785916,527.5945622300338,614,0.91
614.6908597692681,528.6964281505149,605,0.94
639.2046916992848,529.8483473231202,527,0.93
663.7164180249216,531.0503155401394,697,0.88
688.2259492101498,532.3023284110403,551,0.79
712.7331957269568,533.604381362492,905,0.67
737.238068055681,534.9564696383787,859,0.52
761.7404766853297,536.3585882998112,864,0.34
786.2403321139054,537.8107322251585,976,0.15
810.7375448487433,539.3128961100476,815,-0.04
835.2320254068275,540.865074467402,1169,-0.23
859.7236843151273,542.4672616274518,925,-0.41
884.2124321109144,544.1194517377514,1092,-0.57
908.6981793420949,545.8216387632084,1019,-0.72
933.1808365675382,547.5738164861054,1045,-0.84
957.6603143573926,549.3759785061125,1147,-0.94
982.1365232934314,551.2281182403252,1060,-1.01
1006.6093739693615,553.1302289232736,1121,-1.06
1031.0787769911583,555.0823036069633,1357,-1.09
1055.5446429773904,557.0843351608872,1392,-1.11
1080.0068825595447,559.1363162720585,1482,-1.12
1104.4654063823627,561.2382394450328,1658,-1.13
1128.9201251041468,563.3900970019391,1736,-1.13
1153.3709493971062,565.5918810825104,1757,-1.13
1177.8177899476739,567.8435836441033,2035,-1.12
1202.2605574568329,570.1451964617409,2279,-1.11
1226.699162640449,572.4967111281203,2521,-1.09
1251.133516229588,574.8981190536796,2638,-1.07
1275.5635289708482,577.3494114665873,2703,-1.04
1299.9891116266788,579.8505794128043,2744,-1.01
1324.4101749757172,582.4016137561069,2784,-0.97
1348.8266298131043,585.0025051781192,2922,-0.94
1373.2383869508215,587.6532441783471,3024,-0.91
1397.645357218003,590.3538210742165,3028,-0.89
1422.0474514612717,593.1042260011031,3059,-0.88
1446.4445805450625,595.9044489123721,3026,-0.88
1470.8366553519402,598.7544795794179,3102,-0.89
1495.223586782942,601.6543075916957,3084,-0.92
1519.6052857578857,604.6039223567597,3181,-0.96
1543.9816632157042,607.6033131003076,3145,-1
1568.3526301147685,610.6524688662126,3204,-1.05
1592.7180974332123,613.7513785165713,2808,-1.1
1617.0779761692638,616.9000307317361,1108,-1.15
1641.432177341555,620.0984140103648,744,-1.2
1665.780611989464,623.34651666945,586,-1.24
1690.1231911734317,626.6443268443791,373,-1.27
1.290935957936761,486.7004557239448,60,-0.47
25.88102078196154,486.6000415043545,81,-0.5
50.4712403401792,486.54983430587345,123,-0.51
75.0615048098401,486.54983431189737,217,-0.52
99.65172436803807,486.60004152243016,354,-0.52
124.24180919201972,486.7004557540679,705,-0.52
148.83166945953133,486.85107664002834,700,-0.51
173.42121534913753,487.0519036301188,906,-0.5
198.01035704054948,487.3029359907655,989,-0.49
222.5990047149604,487.6041728049981,927,-0.47
247.18706855536232,487.95561297246894,851,-0.45
271.7744587468838,488.35725520943976,879,-0.42
296.36108547710836,488.8090980487979,820,-0.39
320.9468589364122,489.31113984006066,920,-0.34
345.5316893182916,489.86337874937976,869,-0.28
370.11548681968287,490.4658127595406,829,-0.2
394.69816164129634,491.1184396699876,806,-0.1
419.2796239879455,491.82125709681515,595,0.01
443.8597840688651,492.57426247278084,562,0.15
468.43855209805815,493.3774530473208,615,0.29
493.015838294605,494.2308258865528,557,0.44
517.5915528830008,495.1343778732918,754,0.59
542.1656060934808,496.0881057070612,815,0.72
566.7379081623482,497.0920059040898,854,0.83
591.308369332309,498.1460747973572,803,0.9
615.8768998527833,499.2503085365771,969,0.93
640.4434099802505,500.40470308821574,835,0.92
665.0078099785682,501.6092542355255,775,0.87
689.5700101193019,502.86395757854217,862,0.79
714.1299206820507,504.1688085341007,974,0.67
738.687451954783,505.5238023358714,1010,0.52
763.2425142341543,506.9289340343498,1077,0.36
787.7950178258349,508.38419849689495,1208,0.18
812.3448730448472,509.8895904077375,1094,0
836.8919902158837,511.4451042680148,1304,-0.17
861.4362796736439,513.0507343957656,1257,-0.34
885.9776517631516,514.70647492597,1077,-0.48
910.5160168400873,516.4123198105688,1182,-0.61
935.0512852711191,518.168262818482,1199,-0.72
959.5833674342178,519.9742975356278,1169,-0.81
984.1121737190048,521.8304173649491,1316,-0.87
1008.6376145270594,523.7366155264468,1454,-0.91
1033.1596002722572,525.6928850571893,1859,-0.93
1057.6780413810932,527.6992188113481,1868,-0.95
1082.1928482930095,529.7556094602224,1798,-0.96
1106.7039314607293,531.8620494922588,1766,-0.96
1131.2112013505682,534.0185312130913,1894,-0.96
1155.714568442777,536.2250467455566,2009,-0.95
1180.2139432318609,538.4815880297328,2058,-0.93
1204.709236226907,540.7881468229631,2134,-0.92
1229.2003579519173,543.1447146998862,2369,-0.89
1253.687218946125,545.5512830524722,2503,-0.86
1278.1697297643311,548.0078430900447,2609,-0.83
1302.6478009772202,550.5143858393247,2736,-0.79
1327.1213431717006,553.0709021444546,2825,-0.76
1351.5902669512197,555.6773826670304,2883,-0.72
1376.0544829361004,558.3338178861466,2993,-0.69
1400.5139017638564,561.0401980984176,3011,-0.66
1424.9684340895278,563.7965134180259,3001,-0.65
1449.4179905860042,566.6027537767451,3013,-0.65
1473.862481944344,569.458908923989,3091,-0.67
1498.3018188741191,572.3649684268402,3071,-0.7
1522.7359121037205,575.3209216700942,3084,-0.74
1547.1646723806964,578.3267578562893,3159,-0.79
1571.5880104720752,581.3824660057624,3187,-0.84
1596.005837164689,584.4880349566703,3228,-0.9
1620.4180632655093,587.6434533650427,2334,-0.95
1644.8245996019548,590.8487097048197,973,-0.99
1669.225357022234,594.1037922678904,667,-1.03
1693.6202463956636,597.4086891641479,449,-1.06
1718.0091786129926,600.7633883215183,282,-1.09
1.1590332662089882,457.20946184801755,82,-0.52
25.801878976732144,457.10883217804184,121,-0.55
50.44485971053606,457.0585172541797,221,-0.58
75.08788545214594,457.0585172602171,380,-0.6
99.73086618593014,457.10883219615516,587,-0.61
124.37371189641007,457.20946187820647,866,-0.62
149.01633256860794,457.3604059387916,1103,-0.63
173.65863818836607,457.561663826544,1000,-0.63
198.3005387426757,457.81323480631056,1142,-0.63
222.94194422001337,458.1151179591597,1067,-0.62
247.5827646106583,458.46731218237727,1168,-0.6
272.2229099070308,458.86981618947226,1117,-0.58
296.8622901040114,459.32262851018766,1136,-0.54
321.5008151992792,459.82574749049354,1450,-0.49
346.1383951936404,460.37917129260865,1412,-0.42
370.7749400913481,460.9828978949955,933,-0.33
395.41035990043815,461.63692509237177,806,-0.22
420.04456463305786,462.34125049571645,747,-0.09
444.6774643057853,463.09587153228114,919,0.05
469.3089689399776,463.9007854456011,773,0.2
493.9389885620792,464.7559892954945,831,0.36
518.5674332039616,465.6614799580937,800,0.51
543.1942129032491,466.6172541258332,900,0.64
567.8192377036455,467.62330830747703,938,0.75
592.4424176552732,468.6796388281309,964,0.83
617.063662814981,469.78624182924267,1165,0.86
641.6828832466938,470.9431132686345,1310,0.86
666.2999890217293,472.1502489205049,920,0.82
690.9148902191307,473.4076443754498,1189,0.74
715.5274969259916,474.71529504047265,1192,0.63
740.1377192377925,476.0731961390112,1217,0.5
764.7454672587198,477.4813427109466,1309,0.36
789.3506511019946,478.93972961262403,1530,0.2
813.9531808902095,480.44835151687255,1284,0.05
838.5529667556482,482.0072029130202,1586,-0.1
863.1499188406234,483.61627810692306,1204,-0.24
887.7439472977927,485.2755712209788,1312,-0.37
912.3349622904954,486.9850761941464,1313,-0.48
936.9228739930799,488.74478678197283,1336,-0.56
961.5075925912229,490.55469655662404,1331,-0.63
986.0890282822762,492.4147989068837,1866,-0.68
1010.667091275576,494.3250870382007,1961,-0.72
1035.2416917927794,496.2855539727098,2138,-0.74
1059.8127400681915,498.2961925492504,2155,-0.76
1084.3801463490918,500.3569954233931,2046,-0.76
1108.9438208960698,502.4679550674709,1940,-0.77
1133.5036739833354,504.62906377060636,2018,-0.76
1158.0596158990645,506.8403136387355,2241,-0.75
1182.6115569457188,509.10169659464333,2319,-0.74
1207.1594074403708,511.41320437798663,2323,-0.72
1231.7030777150426,513.7748285453287,2408,-0.7
1256.2424781170182,516.1865604701679,2566,-0.67
1280.7775190091836,518.6483913429682,2712,-0.63
1305.3081107703429,521.1603121711935,2745,-0.59
1329.8341637955577,523.7223137793445,2822,-0.55
1354.3555884964644,526.3343868089809,2840,-0.52
1378.8722953016122,528.9965217187699,2931,-0.49
1403.384194656777,531.7087087845041,3014,-0.46
1427.8911970252989,534.470938099154,3007,-0.45
1452.3932128884048,537.2831995728922,2998,-0.45
1476.890152745532,540.1454829331399,3253,-0.47
1501.381927114668,543.0577777245884,3167,-0.5
1525.8684465326623,546.0200733092663,3193,-0.54
1550.3496215555613,549.0323588665408,3150,-0.59
1574.825362758933,552.0946233931845,3190,-0.64
1599.2955807381927,555.2068557034158,3143,-0.7
1623.7601861089381,558.3690444289178,3216,-0.75
1648.219089507257,561.5811780189015,1259,-0.79
1672.672201590074,564.843244740135,865,-0.83
1697.119433035464,568.1552326770003,523,-0.86
1721.5606945429822,571.517129731521,303,-0.88
1.0270491860309234,427.7002710251054,106,-0.53
25.72268833831522,427.59942577180374,183,-0.56
50.41846280314653,427.5490030560886,418,-0.6
75.11428237220599,427.54900306213796,545,-0.62
99.81005683701753,427.5994257899568,811,-0.65
124.50569598925851,427.7002710553575,1018,-0.68
149.20110962110812,427.85153848997936,1252,-0.7
173.8962075255674,428.05322754127207,1287,-0.72
198.59089949678886,428.30533747250655,1288,-0.73
223.28509533041336,428.60786736278186,1268,-0.73
247.97870482388845,428.960816107025,1310,-0.72
272.67163777680724,429.3641824159869,1139,-0.7
297.3638039912283,429.8179648162605,1024,-0.67
322.055113272015,430.3221616502739,1443,-0.62
346.74547542716425,430.8767710763056,1046,-0.54
371.4348002681274,431.4817910684911,1183,-0.45
396.1229976101464,432.1372194168183,1029,-0.34
420.8099772725839,432.843053727154,1014,-0.22
445.4956490792425,433.59929142123593,873,-0.07
470.17992285871406,434.40592973669317,893,0.08
494.86270844468896,435.26296572704626,1095,0.23
519.5439156762959,436.1703962617325,1142,0.38
544.2234543984287,437.1282180261044,1155,0.51
568.9012344620744,438.13642752144193,1157,0.62
593.5771657246511,439.19502106498055,1361,0.7
618.2511580503194,440.3039947899058,1307,0.73
642.9231213103294,441.4633446453719,1446,0.73
667.5929653833412,442.67306639653066,1452,0.71
692.2606001557559,443.93315562452784,1399,0.65
716.9259355220433,445.24360772652824,1469,0.56
741.5888813850771,446.60441791573976,1830,0.46
766.2493476564566,448.0155812214123,1756,0.34
790.9072442568337,449.4770924888732,1636,0.22
815.5624811162534,450.98894637953936,1644,0.09
840.2149681744716,452.5511373709352,1697,-0.03
864.8646153812948,454.1636597567129,1454,-0.14
889.51133269689694,455.826507646681,1368,-0.24
914.1550300921562,457.539674966815,1438,-0.32
938.7956175489837,459.3031554592855,2147,-0.39
963.4330050606434,461.11694268248124,2215,-0.44
988.0671026320982,462.9810300110296,2153,-0.48
1012.697820280322,464.8954106358193,2213,-0.51
1037.3250680346362,466.86007756403677,2311,-0.53
1061.948755937037,468.87502361918007,2350,-0.55
1086.5687940425223,470.9402414410836,2256,-0.56
1111.1850924194293,473.05572348595626,2152,-0.57
1135.7975611497438,475.2214620263992,2077,-0.57
1160.4061103294498,477.4374491514404,2211,-0.57
1185.0106500688437,479.7036767665552,2442,-0.56
1209.6110904928685,482.0201365937084,2563,-0.54
1234.2073417414451,484.3868201713699,2615,-0.52
1258.7993139697915,486.8037188545641,2717,-0.49
1283.3869173487599,489.270823814875,2774,-0.46
1307.9700620651552,491.7881260405049,2811,-0.42
1332.5486583220738,494.35561633629754,2874,-0.39
1357.1226163392241,496.97328532376287,2880,-0.35
1381.6918463532616,499.641123441127,2856,-0.32
1406.2562586181068,502.35912094334924,2967,-0.3
1430.8157634052807,505.1272679021773,3049,-0.29
1455.370271004232,507.94555420616825,3034,-0.29
1479.9196917226548,510.81396956073235,3067,-0.31
1504.4639358868371,513.7325034881688,3068,-0.34
1529.0029138419666,516.7011453277079,3190,-0.38
1553.5365359524703,519.7198842355398,3162,-0.42
1578.0647126023389,522.7887091848687,3214,-0.47
1602.587354195452,525.9076089659395,3238,-0.52
1627.104371155915,529.0765721860885,3258,-0.57
1651.6156739283674,532.2955872697754,3087,-0.61
1676.1211729783304,535.5646424586357,1164,-0.64
1700.6207787925205,538.8837258115216,804,-0.66
1725.1144018791813,542.2528252045416,329,-0.68
0.8949826718796291,398.17264949567715,119,-0.5
25.643448239395504,398.07158852440216,301,-0.53
50.3920494089053,398.0210579495094,511,-0.57
75.14069577912566,398.021057955573,803,-0.61
99.88929694861567,398.07158854259495,824,-0.64
124.6377625160881,398.17264952599487,1023,-0.68
149.38600208075877,398.3242405366236,1244,-0.72
174.13392524266698,398.5263610207487,1326,-0.75
198.88144160300604,398.77901024006684,1416,-0.78
223.6284607644607,399.08218727170583,1434,-0.8
248.37489233152638,399.4358910082297,1469,-0.8
273.1206459108485,399.84012015762977,1402,-0.79
297.86563111154356,400.2948732433501,1256,-0.77
322.60975754553834,400.8001486042689,1206,-0.72
347.35293482790024,401.35594439473186,1787,-0.66
372.0950725771583,401.96225858453255,1101,-0.57
396.8360804156406,402.61908895893924,1236,-0.47
421.57586796980416,403.32643311868986,1187,-0.35
446.31434487055606,404.0842884800124,1178,-0.22
471.0514207536024,404.8926522746225,1356,-0.08
495.78700525975887,405.751521549745,1293,0.07
520.5210080352913,406.66089316811616,1383,0.21
545.2533387322429,407.6207638079969,1596,0.33
569.9839070087628,408.6311299631866,1469,0.44
594.7126225294453,409.6919879430391,1451,0.51
619.4393949656416,410.8033338724678,1977,0.55
644.1641339958073,411.96516369196814,1440,0.57
668.8867493058243,413.17747315762614,1688,0.55
693.6071505893318,414.44025784114143,1697,0.51
718.3252475480544,415.75351312982815,1752,0.46
743.0409498921399,417.11723422665506,2011,0.38
767.7541673404791,418.5314161502425,1964,0.3
792.4648096210354,419.9960537348887,1866,0.21
817.1727864711853,421.5111416305893,1863,0.12
841.8780076380369,423.0766743030607,1724,0.04
866.5803828787705,424.69264603374734,1608,-0.04
891.2798219609557,426.3590509198534,1539,-0.11
915.97623466289,428.0758828743641,2288,-0.16
940.6695307739266,429.8431356260661,2378,-0.21
965.3596200947954,431.66080271956525,2447,-0.25
990.0464124379521,433.5288775153181,2384,-0.28
1014.729817627888,435.4473531896519,2387,-0.31
1039.409745501468,437.41622273478924,2480,-0.33
1064.0861059082588,439.43547895887673,2555,-0.35
1088.7588087108572,441.5051144860085,2506,-0.37
1113.427763785228,443.62512175625477,2371,-0.39
1138.0928810210141,445.7954930256885,2159,-0.4
1162.7540703218845,448.01622036641265,2224,-0.41
1187.4112416058538,450.28729566658996,2470,-0.4
1212.0643048056124,452.6087106304742,2588,-0.39
1236.7131698688622,454.9804567784416,2632,-0.38
1261.3577467586344,457.40252544701565,2740,-0.36
1285.9979454536276,459.8749077889015,2764,-0.33
1310.633675948527,462.39759477302437,2818,-0.3
1335.2648482543455,464.9705771845557,2842,-0.26
1359.8913723987414,467.59384562494654,2836,-0.23
1384.5131584263584,470.2673905119643,2884,-0.21
1409.130116399141,472.9912020797311,2891,-0.19
1433.7421563966723,475.7652703787509,2959,-0.18
1458.3491885165006,478.58958527595246,3001,-0.18
1482.95112287446,481.46413645472467,3073,-0.19
1507.5478696050168,484.3889134149576,3137,-0.22
1532.1393388615795,487.3639054730722,3120,-0.26
1556.7254408168344,490.3891017620659,3126,-0.3
1581.3060856630752,493.4644912315508,3210,-0.35
1605.8811836125262,496.59006264780083,3178,-0.39
1630.4506448976817,499.76580459377396,3214,-0.42
1655.0143797716137,502.9917054691769,3274,-0.45
1679.5722985083187,506.2677534904878,1761,-0.47
1704.1243114030374,509.59393669101485,996,-0.49
1728.6703287725802,512.9702429209318,401,-0.5
0.7628326768129124,368.6263631828887,131,-0.44
25.56415805180614,368.525086357281,378,-0.47
50.3656193184232,368.47444785503205,596,-0.51
75.167125882294215,368.4744478611076,870,-0.55
99.96858714889142,368.5250863755116,1053,-0.59
124.76991252384116,368.62636321326966,1100,-0.64
149.57101141327374,368.7782780044425,1355,-0.7
174.37179322414482,368.9808301941144,1510,-0.75
199.17216736456646,369.2340190424071,1586,-0.79
223.97204324414557,369.5378436244776,1489,-0.82
248.77133027430324,369.892302830522,1297,-0.84
273.56993786861545,370.2973953657737,1545,-0.85
298.3677754431341,370.75311975052045,1240,-0.84
323.1647524167282,371.2594743200974,1147,-0.8
347.9607782114133,371.816457224905,1630,-0.75
372.75576225267434,372.42406643040107,1239,-0.68
397.5496139698031,373.08229971712103,1724,-0.58
422.3422427962297,373.79115468068574,1476,-0.48
447.1335581698433,374.5506287317955,1390,-0.36
471.9234695333424,375.36071909626054,1282,-0.24
496.71188633454636,376.22142281499265,1311,-0.11
521.498718026736,377.1327367440295,1456,0.01
546.2838740689818,378.0946575545398,1437,0.12
571.0672639264735,379.1071817328327,1673,0.22
595.8487970708599,380.1703055803772,1640,0.29
620.6283829805599,381.2840252138138,1873,0.34
645.4059311411138,382.44833656496314,1859,0.36
670.1813510455028,383.66323538084896,1759,0.37
694.9545521944825,384.92871722371115,1793,0.35
719.7254440969112,386.24477747101406,1910,0.32
744.4939362700878,387.6114113154799,1812,0.28
769.2599382400734,389.0286137650868,2096,0.24
794.0233595420214,390.49637964310466,1847,0.19
818.7841097205172,392.0147035880984,1864,0.14
843.5420983298998,393.58358005396263,1822,0.09
868.2972349346013,395.2030033099281,1737,0.05
893.049429109466,396.87296744059563,1814,0.01
917.7985904400875,398.5934663459467,2417,-0.02
942.5446285231405,400.3644937413721,2579,-0.05
967.2874529666999,402.18604315769056,2643,-0.08
992.0269733905909,404.05810794117787,2589,-0.1
1016.7630994267005,405.98068125358594,2604,-0.13
1041.495740719316,407.9537560721711,2635,-0.15
1066.2248069254538,409.9773251897168,2696,-0.18
1090.9502077151878,412.05138121456577,2649,-0.22
1115.6718527719877,414.17591657063656,2534,-0.24
1140.3896517930316,416.35092349746765,2373,-0.27
1165.1035144895534,418.57639405022326,2332,-0.28
1189.8133505871633,420.8523200997456,2419,-0.29
1214.5190698261788,423.1786933325691,2592,-0.29
1239.22058196196,425.5555052509518,2706,-0.28
1263.9177967652306,427.9827471729226,2769,-0.27
1288.6106240224135,430.46041023228446,2803,-0.25
1313.2989735359538,432.98848537867315,2801,-0.22
1337.9827551246578,435.5669633775775,2818,-0.2
1362.6618786240142,438.1958348103783,2808,-0.17
1387.336253886532,440.87509007437313,2799,-0.15
1412.0057907820592,443.60471938282683,2827,-0.13
1436.6703991981192,446.3847127649933,2969,-0.12
1461.3299890402388,449.215060066155,3086,-0.13
1485.9844702322714,452.09575094767104,3064,-0.14
1510.63375271674,455.0267748869975,3100,-0.17
1535.277746455151,458.0081211777407,3166,-0.2
1559.9163614283316,461.0397789296875,3159,-0.24
1584.5495076367558,464.1217370688497,3148,-0.27
1609.1770951008716,467.25398433750024,3193,-0.3
1633.7990338614413,470.4365092942195,3214,-0.32
1658.4152339798475,473.66930031393144,3266,-0.34
1683.025605538443,476.95234558794886,3243,-0.35
1707.6300586408688,480.2856331240218,2798,-0.35
1732.2285034123834,483.66915074637234,627,-0.35
0.6305981524267928,339.0611776830698,105,-0.37
25.48481714650326,338.95968486506155,278,-0.4
50.33917232201871,338.90893836641976,684,-0.43
75.19357289139326,338.9089383725088,861,-0.47
100.04792806688883,338.9596848833295,1292,-0.52
124.90214706092173,339.06117771351626,1376,-0.58
149.75613908641333,339.2134164923363,1460,-0.65
174.60981335711213,339.41640066369575,1517,-0.71
199.46307908792545,339.6701294861349,1585,-0.77
224.31584549525869,339.97460203283794,1678,-0.82
249.1680217973353,340.3298171916371,1577,-0.85
274.01951721453827,340.73577366500206,1389,-0.87
298.8702409697318,341.1924699700672,1344,-0.88
323.7201022886028,341.69990443861434,1370,-0.86
348.569010399992,342.25807521709845,1312,-0.82
373.4168745362166,342.86698026664357,1365,-0.76
398.26360393340906,343.5266173630475,1384,-0.68
423.10910783184846,344.2369840968044,1375,-0.59
447.9532954762829,344.99807787309317,1592,-0.5
472.7960761162801,345.8098959118056,1545,-0.39
497.63735900653927,346.672435247544,1558,-0.29
522.4770534072327,347.5856927296402,1542,-0.19
547.3150685843351,348.54966502216456,1735,-0.09
572.1513138099531,349.56434860393335,1692,-0.01
596.985698362666,350.6297397685248,1739,0.06
621.8181315278385,351.7458346243007,2203,0.11
646.6485225979711,352.9126290944031,1789,0.15
671.4767808730212,354.1301189167865,1875,0.17
696.3028156607373,355.39829964422546,1842,0.17
721.126536276988,356.71716664432904,1947,0.17
745.9478520461,358.0867150995606,1913,0.17
770.7666723011816,359.5069400072584,1887,0.15
795.5829063844523,360.9778361796484,1918,0.14
820.3964636475837,362.4993982438626,1979,0.13
845.2072534520224,364.0716206419682,2117,0.12
870.015185169329,365.6944976309715,2211,0.11
894.8201681814983,367.3680232828595,2517,0.1
919.622111881298,369.09219148460335,2665,0.08
944.4209256726002,370.86699593818895,2747,0.07
969.2165189707015,372.6924301606456,2760,0.06
994.0088012026741,374.56848748404894,2794,0.04
1018.7976818076773,376.49516105557177,2714,0.01
1043.5830702372978,378.4724438374913,2791,-0.02
1068.3648759558776,380.5003286072266,2765,-0.06
1093.1430084408444,382.57880795734627,2715,-0.1
1117.9173771830515,384.7078742956217,2674,-0.14
1142.6878916870878,386.88751984503205,2528,-0.18
1167.4544614716292,389.11773664380087,2413,-0.2
1192.2169960697584,391.3985165454334,2464,-0.22
1216.975405029297,393.72985121873495,2535,-0.24
1241.7295979131407,396.1117321478414,2569,-0.24
1266.4794842995811,398.5441506322599,2655,-0.23
1291.2249737826446,401.0270977868908,2730,-0.22
1315.9659759724111,403.56056454206475,2783,-0.21
1340.7024004953598,406.1445416435804,2779,-0.19
1365.4341569946848,408.77901965272514,2820,-0.17
1390.1611551306385,411.4639889463248,2847,-0.15
1414.8833045808494,414.19943971676474,2964,-0.14
1439.6005150406575,416.9853619720343,2992,-0.14
1464.3126962234471,419.82174553576584,3010,-0.15
1489.0197578609655,422.7085800472649,3118,-0.16
1513.721609703672,425.6458549615453,3110,-0.18
1538.418161521048,428.63355954938464,3158,-0.21
1563.1093231019368,431.6716828973384,3211,-0.23
1587.7950042548716,434.7602139078046,3141,-0.26
1612.4751148084024,437.89914129904565,3180,-0.27
1637.1495646114342,441.0884536052391,3242,-0.28
1661.81826353354,444.32813917651976,3215,-0.28
1686.4811214653039,447.61818617901616,3259,-0.28
1711.1380483186474,450.9585825948997,3287,-0.27
1735.7889540271528,454.3493162224255,675,-0.26
0.4982780488130018,309.4768582562167,64,-0.3
25.40542489354039,309.3751493060228,134,-0.32
50.312708209709456,309.32429474109585,691,-0.35
75.22003701640531,309.3242947471992,1013,-0.39
100.12732033255443,309.3751493243305,1211,-0.44
125.03446717723816,309.47685828672905,1388,-0.51
149.94138657004382,309.6294212628777,1504,-0.58
174.84798753138776,309.83283769549024,1594,-0.66
199.75417908284757,310.087106841535,1676,-0.73
224.65987024750197,310.39222777222244,1606,-0.79
249.56497005025193,310.7481993730095,1691,-0.84
274.46938751816214,311.15502034361083,1726,-0.88
299.37303168078404,311.61268919799704,2281,-0.89
324.2758115704978,312.1212042643992,1836,-0.88
349.1776362228442,312.6805636853293,1535,-0.85
374.0784146768476,313.29076541756206,1496,-0.81
398.97805597535597,313.95180723216424,1505,-0.75
423.8764691653726,314.6636867144967,1658,-0.68
448.77356329837966,315.42640126421423,1658,-0.61
473.66924743068853,316.2399480952862,1656,-0.53
498.56343062375356,317.10432423599985,1873,-0.45
523.45602194451385,318.0195265289817,1750,-0.37
548.3469304657232,318.9855516311949,1839,-0.29
573.2360652662798,320.0023960139543,2125,-0.22
598.1233354315692,321.07005596295113,1835,-0.16
623.0086500537765,322.18852757825596,2149,-0.11
647.8919182322373,323.35780677433274,2446,-0.07
672.7730490737607,324.5778892800549,2122,-0.03
697.651951692963,325.8487706387285,1879,-0.01
722.5285352125978,327.1704462080965,2377,0.02
747.4027087638957,328.54291116036796,2138,0.04
772.2743814868866,329.9661604822247,2148,0.06
797.1434625307311,331.4401889748444,2137,0.09
822.0098610540628,332.9649912539159,2060,0.11
846.8734862253107,334.5405617496735,2134,0.13
871.7342472230384,336.16689470689437,2776,0.14
896.5920532362676,337.8439841849401,2735,0.15
921.4468134648146,339.5718240577632,2905,0.16
946.2984371196244,341.3504080139401,2981,0.15
971.1468334230906,343.1797295566895,2922,0.14
995.9919116094072,345.0597820038917,2984,0.13
1020.8335809248819,346.99055848812606,2923,0.1
1045.6717506282744,348.9720519566843,2942,0.06
1070.5063299911294,351.0042551715969,2897,0.01
1095.337228298104,353.0871607096687,2876,-0.04
1120.1643548473082,355.22076096249685,2813,-0.09
1144.9876189506188,357.4050481364972,2678,-0.14
1169.8069299340289,359.6400142529461,2584,-0.18
1194.622197137969,361.925651147994,2558,-0.21
1219.4333299176394,364.2619504727067,2598,-0.23
1244.2402376433477,366.64890369308563,2597,-0.24
1269.0428297008295,369.08650209010995,2647,-0.25
1293.8410154915882,371.5747367597574,2714,-0.25
1318.6347044332167,374.11359861304726,2832,-0.24
1343.4238059597394,376.703078376068,2866,-0.24
1368.2082295219338,379.3431665900106,2888,-0.23
1392.9878845876708,382.03385361120303,2935,-0.22
1417.7626806422338,384.7751296111483,2944,-0.22
1442.5325271886572,387.566984576559,3000,-0.22
1467.2973337480564,390.4094083093952,3061,-0.23
1492.0570098599499,393.3023904268961,3099,-0.25
1516.8114650826074,396.24592036162215,3080,-0.26
1541.5606089933617,399.2399873615035,3160,-0.28
1566.3043511889487,402.28458048985453,3272,-0.3
1591.0426012858359,405.3796886254383,3146,-0.31
1615.77526892055,408.52530046249467,3207,-0.31
1640.5022637500172,411.7214045107861,3251,-0.3
1665.2234954518735,414.9679890956343,3246,-0.28
1689.9388737248141,418.2650423579697,3290,-0.26
1714.6483082889133,421.61255225437054,3039,-0.24
1739.351708885955,425.01050655711106,1127,-0.22
1764.048985279769,428.4588928541931,257,-0.2
0.36587131451629085,279.8731698164514,31,-0.25
25.32598066204284,279.77124459256606,92,-0.26
50.28622677120365,279.7202818906035,613,-0.28
75.2465184676222,279.72028189671875,927,-0.32
100.20676457676305,279.7712446109138,1140,-0.38
125.16687392424583,279.87316984702704,1291,-0.45
150.12675533619736,280.0260572327565,1506,-0.53
175.08631763957524,280.22990620962884,1589,-0.61
200.04546966250072,280.4847160330322,1675,-0.69
225.00412023459936,280.79048577220055,2015,-0.76
249.96217818732282,281.1472143102248,1677,-0.82
274.9195523542913,281.5549003440507,1859,-0.86
299.87615157161673,282.01354238449284,2564,-0.88
324.83188467824607,282.5231387562246,1981,-0.88
349.78666051629335,283.0836875978075,1888,-0.87
374.7403879313638,283.69518686167663,1700,-0.83
399.69297577289416,284.3576343141547,1693,-0.79
424.6443328944857,285.07102753546565,1929,-0.74
449.5943681542274,285.83536391973956,1841,-0.68
474.54299041504885,286.6506406750229,2911,-0.62
499.49010854503246,287.51685482327974,1948,-0.57
524.4356314177575,288.4340032004232,1873,-0.51
549.37946791263,289.40208245630936,1893,-0.45
574.3215269152145,290.42108905475027,1881,-0.4
599.2617173175751,291.49101927353723,1903,-0.35
624.1999480185912,292.6118692044498,2249,-0.3
649.1361279243072,293.7836347532602,2010,-0.26
674.0701659482572,295.0063116397649,2005,-0.21
699.001971011799,296.27989539779327,2128,-0.17
723.9314520444451,297.6043813752137,2101,-0.13
748.8585179842028,298.9797647339704,2227,-0.08
773.7830777778977,300.4060404500832,2112,-0.03
798.7050403815053,301.8832033136767,2122,0.02
823.6243147604945,303.41124792899575,2150,0.07
848.5408098901496,304.99016871442325,2906,0.12
873.4544347559124,306.61995990250205,2976,0.15
898.3650983537042,308.300615539962,2953,0.18
923.272709690264,310.03212948772665,3099,0.19
948.1771777834829,311.8144954209527,3131,0.19
973.0784116627252,313.6477068290461,3093,0.18
997.976320369181,315.5317570156779,3056,0.16
1022.870812956179,317.46663909882426,2977,0.13
1047.7617984895278,319.45234601077544,2988,0.08
1072.6491860478466,321.4888704981784,2953,0.03
1097.5328847228955,323.5762051220498,2900,-0.03
1122.4128036199168,325.71434225780627,2838,-0.1
1147.288851857948,327.90327409529766,2762,-0.15
1172.1609385701731,330.142992638829,2708,-0.2
1197.0289729042445,332.43348970719296,2639,-0.24
1221.892864022615,334.77475693370087,2679,-0.27
1246.7525211028783,337.1667857662075,2734,-0.29
1271.6078533380874,339.6095674671522,2804,-0.31
1296.4587699370975,342.10309311358367,2847,-0.32
1321.3051801248869,344.6473535971889,2904,-0.32
1346.1469931429012,347.24233962433675,2980,-0.33
1370.9841182493742,349.8880417161052,2964,-0.33
1395.8164647196693,352.5844502083191,2964,-0.34
1420.6439418465998,355.33155525158065,3029,-0.34
1445.4664589407669,358.12934681131014,3012,-0.36
1470.2839253308928,360.9778146677784,3076,-0.37
1495.0962503641404,363.87694841615286,3091,-0.39
1519.903343406464,366.82673746652034,3170,-0.4
1544.705113842923,369.82717104394965,3094,-0.41
1569.5014710780192,372.8782381884968,3175,-0.42
1594.292324536029,375.9799277552782,3226,-0.41
1619.0775836613302,379.1322284144938,3195,-0.4
1643.8571579187437,382.33512865147316,3263,-0.37
1668.630956793844,385.5886167667117,3230,-0.34
1693.3988897933107,388.89268087592154,3230,-0.31
1718.160866445246,392.2473089100746,2144,-0.27
1742.9167962995098,395.6524886154417,1418,-0.24
1767.6665889280532,399.1082075536371,345,-0.21
0.23337689649201107,250.2498769225319,55,-0.22
25.246483820182327,250.14773528173257,118,-0.23
50.259727795891656,250.0966643711235,675,-0.25
75.27301745565372,250.09666437725264,962,-0.29
100.28626143134304,250.1477353001177,1111,-0.34
125.29936835498948,250.24987695317301,979,-0.42
150.31224685913125,250.40308896331413,1594,-0.5
175.32480557713893,250.6073707708906,1637,-0.58
200.3369531435494,250.86272162970602,1900,-0.67
225.3485981944071,251.16914060701723,2258,-0.74
250.35964936758614,251.52662658354495,2440,-0.8
275.370015303134,251.9351782534678,2788,-0.84
300.3796046435953,252.39479412443688,2697,-0.86
325.38832603435543,252.90547251757212,2858,-0.87
350.3960881239735,253.46721156747876,2634,-0.85
375.40279956450786,254.08000922224494,2703,-0.83
400.40836901185577,254.74386324345394,2927,-0.79
425.41270512608827,255.4587712061907,2268,-0.75
450.4157165717737,256.22473049904943,2181,-0.71
475.41731201833073,257.04173832414875,2921,-0.67
500.4174001403424,257.9097916971336,2385,-0.63
525.4158896179002,258.82888744719673,1951,-0.6
550.4126891369347,259.7990222170784,2039,-0.56
575.4077073895472,260.82019246308266,2033,-0.52
600.4008530743544,261.8923944551016,2023,-0.49
625.3920348968003,263.0156242766114,2014,-0.45
650.3811615695109,264.18987782469515,2040,-0.4
675.3681418126174,265.4151508100608,2149,-0.36
700.3528843540909,266.69143875705043,2176,-0.31
725.3352979300746,268.01873700365934,2312,-0.25
750.315291285225,269.39704070155955,2212,-0.18
775.2927731730349,270.8263448160994,2217,-0.11
800.2676523561673,272.30664412634536,2300,-0.04
825.239837606798,273.83793322508194,2588,0.03
850.2092377069395,275.4202065188411,3215,0.09
875.1757614487832,277.05345822792367,3201,0.14
900.139317635022,278.73768238641287,3217,0.18
925.0998150791902,280.47287284220306,3257,0.19
950.0571626059968,282.2590232570193,3253,0.19
975.0112690516496,284.09612710644234,3209,0.18
999.9620432642063,285.9841776799275,3137,0.15
1024.9093941038893,287.9231680808331,3122,0.1
1049.8532304434275,289.91309122645004,3105,0.05
1074.7934611683877,291.9539398480201,3060,-0.01
1099.7299951775055,294.04570649076675,2981,-0.08
1124.6627413830265,296.1883835139124,2920,-0.14
1149.5916087110222,298.3819630907283,2855,-0.2
1174.5165061017394,300.62643720854237,2838,-0.25
1199.4373425099247,302.92179766877376,2857,-0.3
1224.3540269051568,305.2680360869711,2814,-0.33
1249.2664682721863,307.66514389283014,2828,-0.36
1274.1745756112568,310.1131123302382,2861,-0.39
1299.0782579384477,312.6119324572936,2887,-0.41
1323.9774242859958,315.1615951463483,2998,-0.43
1348.871983702639,317.7620910840407,3029,-0.45
1373.7618452539407,320.4134107713159,3020,-0.47
1398.6469180226286,323.11554452348025,3093,-0.49
1423.5271111089191,325.8684824702256,3104,-0.51
1448.4023336308535,328.67221455566244,3148,-0.53
1473.2724947246318,331.5267305383663,3051,-0.55
1498.1375035449348,334.4320199914101,3111,-0.57
1522.997269265275,337.38807230239615,3127,-0.59
1547.8517010783091,340.39487667350886,3188,-0.59
1572.700708196178,343.45242212154204,3192,-0.59
1597.5441998508404,346.5606974779439,3220,-0.57
1622.3820852943977,349.71969138885714,3247,-0.54
1647.2142737994388,352.9293923151632,3273,-0.5
1672.0406746593487,356.1897885325162,3254,-0.45
1696.861197188664,359.50086813139774,3230,-0.4
1721.675750723389,362.8626190171479,3281,-0.35
1746.4842446213306,366.27502891002337,1523,-0.3
1771.286588262436,369.738085345224,472,-0.26
0.10079374006344374,220.6067437683182,61,-0.22
25.166933735151286,220.50438556565967,102,-0.23
50.23321107283738,220.45320637392948,482,-0.25
75.29953419143604,220.4532063800706,941,-0.29
100.36581152910206,220.50438558408493,989,-0.34
125.43195152414593,220.60674379902292,1039,-0.42
150.49786261538753,220.7602806509976,1516,-0.49
175.56345324248088,220.96499557916687,1826,-0.58
200.62863184624877,221.2208878357501,1785,-0.66
225.6933068690246,221.52795648603393,2470,-0.72
250.75738675497584,221.88620040836145,2873,-0.78
275.8207799504472,222.29561829414266,3070,-0.81
300.8833949042864,222.75620864786512,3044,-0.83
325.94514006818764,223.2679697870896,2967,-0.83
351.0059238970259,223.83089984246584,3029,-0.81
376.0656548491821,224.44499675772963,3116,-0.79
401.1242413868853,225.11025828972154,3178,-0.75
426.1815919765462,225.82668200838387,3178,-0.72
451.2376150890829,226.594265296775,3132,-0.69
476.2922192002736,227.4130053510766,3126,-0.66
501.34531279107284,228.28289918061492,3190,-0.64
526.3968043479539,229.2039436078503,3078,-0.62
551.4466023632425,230.176135268412,2438,-0.6
576.4946153354483,231.19947061109139,2244,-0.58
601.5407517696091,232.27394589786388,2172,-0.56
626.5849201776056,233.3995572039106,2164,-0.53
651.6270290785153,234.5763004176112,2180,-0.49
676.6669869989363,235.80417124057746,2480,-0.44
701.7047024733243,237.08316518766776,2265,-0.39
726.7400840443237,238.4132775869868,2276,-0.33
751.7730402631101,239.79450357993193,2299,-0.25
776.8034796897147,241.22683812117563,2810,-0.17
801.831310893358,242.71027597871307,3369,-0.09
826.8564424527934,244.24481173386698,3371,-0.01
851.8787829566322,245.83043978130982,3381,0.06
876.8982410036858,247.46715432908408,3362,0.12
901.9147252032899,249.15494939862998,3363,0.15
926.9281441756435,250.89381882479333,3333,0.17
951.9384065521457,252.68375625586393,3272,0.16
976.9454209757171,254.52475515358609,3238,0.13
1001.9490961011539,256.41680879319136,3132,0.09
1026.9493405954438,258.3599102634143,3171,0.04
1051.946063138106,260.3540524665258,3102,-0.02
1076.9391724215252,262.3992281183616,3100,-0.09
1101.9285771512832,264.49542974833275,3126,-0.16
1126.914186046501,266.64264969946896,3059,-0.22
1151.895907840153,268.8408801284444,3045,-0.28
1176.8736512794214,271.09011300559354,2952,-0.33
1201.8473251260166,273.3903401149599,3005,-0.38
1226.8168381565138,275.7415530543122,2942,-0.41
1251.7820991626922,278.1437432351765,2994,-0.45
1276.743016951857,280.5969018828723,3019,-0.48
1301.699500347182,283.10102003654515,3011,-0.51
1326.6514581880326,285.6560885491889,3061,-0.55
1351.598799330312,288.262098087694,3109,-0.58
1376.5414326467824,290.9190391328719,3079,-0.62
1401.479267027409,293.626901979493,3192,-0.66
1426.4122113796798,296.38567673632207,3201,-0.7
1451.340174628948,299.1953533261468,3171,-0.73
1476.263065718763,302.05592148583065,3168,-0.77
1501.1807936111948,304.96737076633684,3166,-0.79
1526.0932672871836,307.9296905327706,3138,-0.8
1551.000395746856,310.94286996442423,3178,-0.8
1575.9020880098637,314.00689805479874,3202,-0.79
1600.798253115717,317.12176361166536,3168,-0.76
1625.6888001241139,320.2874552570954,3232,-0.71
1650.5736381152803,323.5039614275046,3269,-0.66
1675.452676190286,326.77127037368894,3174,-0.59
1700.325823471394,330.0893701608783,3207,-0.53
1725.192989102382,333.4582486687716,3254,-0.46
1750.0540822488763,336.87789359158603,1562,-0.41
1774.9090120986905,340.34829243809713,673,-0.36
25.08732977313744,190.84095926208587,148,-0.26
50.20667639076982,190.7896717159006,562,-0.28
75.32606888624025,190.78967172205554,873,-0.33
100.44541550385253,190.8409592805508,949,-0.38
125.56462448806654,190.94353420404556,1016,-0.45
150.68360408385274,191.0973961178571,1618,-0.52
175.80226253701724,191.30254445995772,2364,-0.6
200.9205080945377,191.55897848098772,1729,-0.67
226.03824900490537,191.8666972442467,2913,-0.72
251.15539351844944,192.22569962570657,2998,-0.77
276.2718498876812,192.63598431401002,3194,-0.79
301.3875263676199,193.09754981047325,3160,-0.79
326.5023312161375,193.610394429099,3163,-0.78
351.6161726942936,194.1745162965793,3206,-0.75
376.72895906666093,194.789913352294,3218,-0.72
401.84059860166855,195.45658334833493,3187,-0.68
426.950999571936,196.17452384950053,3240,-0.64
452.06007025459985,196.94373223330788,3243,-0.61
477.1677189316674,197.7642056900046,3200,-0.59
502.2738538903322,198.63594122258104,3238,-0.58
527.3783834233194,199.5589356467757,3226,-0.57
552.4812158292182,200.53318559109127,3190,-0.57
577.5822594128152,201.55868749679775,3161,-0.56
602.681422485439,202.63543761796618,3012,-0.55
627.7786133652754,203.7634320214567,2679,-0.53
652.8737403777221,204.94266658695145,2878,-0.51
677.9667118557138,206.17313700696047,2937,-0.47
703.0574361400589,207.45483878684547,2800,-0.42
728.145821579772,208.7877672448236,2675,-0.35
753.2317765324177,210.17191751199869,3095,-0.28
778.3152093644337,211.60728453236726,3333,-0.19
803.3960284514669,213.0938630628439,3363,-0.11
828.474142178718,214.6316476732848,3406,-0.02
853.5494589412658,216.22063274648417,3427,0.04
878.6218871444107,217.86081247823583,3418,0.09
903.6913352039998,219.5521808773104,3392,0.12
928.7577115467672,221.29473176550826,3352,0.12
953.8209246106692,223.08845877766936,3280,0.11
978.8808828452097,224.93335536169738,3250,0.07
1003.9374947117925,226.8294147785814,3251,0.01
1028.9906686840386,228.77663010242975,3224,-0.05
1054.0403132481276,230.77499422048479,3177,-0.12
1079.0863369031315,232.82449983315547,3157,-0.19
1104.1286481613472,234.9251394540431,3137,-0.26
1129.1671555486398,237.0769054099643,3131,-0.32
1154.201767604757,239.27978984098488,3096,-0.37
1179.2323928836836,241.53378470044427,3131,-0.41
1204.2589399539647,243.83888175498635,3073,-0.45
1229.2813173990414,246.19507258459433,3050,-0.49
1254.29943381759,248.60234858260864,3114,-0.53
1279.3131978238464,251.06070095577604,3111,-0.57
1304.3225180479487,253.5701207242631,3127,-0.61
1329.3273031362614,256.1305987217035,3108,-0.66
1354.3274617517206,258.74212559522863,3121,-0.71
1379.3229025741575,261.4046918054914,3210,-0.77
1404.3135343006427,264.1182876267206,3204,-0.83
1429.2992656458084,266.88290314673293,3184,-0.89
1454.2800053421872,269.69852826698985,3247,-0.94
1479.2556621405474,272.5651527026172,3309,-0.99
1504.2261448102176,275.4827659824622,3219,-1.02
1529.1913621394367,278.45135744911113,3186,-1.03
1554.151222935669,281.4709162589483,3187,-1.03
1579.1056360259477,284.54143138217046,3194,-1.01
1604.0545102572048,287.6628916028564,3228,-0.97
1628.9977544966023,290.8352855189884,3209,-0.91
1653.9352776318765,294.05860154249507,3248,-0.84
1678.8669885716483,297.3328278993028,3291,-0.76
1703.7927962457782,300.65795262937087,3291,-0.68
1728.7126096056875,304.033963586738,3342,-0.6
1753.6263376246918,307.4608484395712,1650,-0.53
1778.5338892983402,310.9385946701965,840,-0.48
1803.4351736447386,314.46718957516384,259,-0.44
1457.2218492157563,240.18150414065005,3265,-1.14
1482.2503078559776,243.05418899948847,3211,-1.2
1507.2735814287166,245.97797049970222,3257,-1.24
1532.291578529378,248.95283796135004,3220,-1.26
1557.3042077726338,251.97878051788965,3176,-1.26
1582.311377792765,255.05578711620396,3181,-1.23
1607.3129972439936,258.1838465166549,3194,-1.18
1632.3089748008156,261.3629472931201,3236,-1.11
1657.299219158343,264.59307783303103,3222,-1.03
1682.2836390326186,267.87422633742096,3269,-0.93
1707.2621431609673,271.2063808209623,3308,-0.84
1732.2346403023228,274.58952911202033,3284,-0.75
1757.2010392375573,278.0236588526858,2368,-0.67
1782.1612487698255,281.508757498825,1137,-0.6
1807.1151777248847,285.0448123201283,273,-0.55
1485.247026770738,213.5227947960587,3278,-1.38
1510.3231277937955,216.45274878691632,3282,-1.44
1535.3939412054426,219.43389658844723,3264,-1.46
1560.459375427425,222.46622731117148,3210,-1.46
1585.5193389011383,225.5497298786372,3212,-1.43
1610.573740087962,228.68439302747817,3224,-1.38
1635.6224874695918,231.87020530744837,3204,-1.3
1660.665489548382,235.10715508146754,3248,-1.2
1685.7026548476638,238.39523052565588,3262,-1.09
1710.7338919120944,241.734419629386,3225,-0.98
1735.7591093079852,245.1247101953224,3292,-0.88
1760.778215623633,248.56608983947254,3342,-0.79
1785.7911194696635,252.058545991219,2001,-0.71
1810.7977294793532,255.60206589337386,688,-0.66
1835.7979543089723,259.19663660222665,196,-0.62
1513.3748082739278,186.906864912423,3289,-1.6
1538.4984749581515,189.89429744890973,3239,-1.63
1563.6167511125207,192.9330208083462,3236,-1.63
1588.7295449854112,196.0230238909339,3248,-1.6
1613.836764845224,199.1642954095582,3261,-1.54
1638.9383189807204,202.35682388983895,3294,-1.45
1664.0341157013625,205.6005976701603,3318,-1.35
1689.124063337634,208.89560490171579,3314,-1.23
1714.2080702413905,212.24183354855882,3316,-1.1
1739.2860447861851,215.6392713876415,3418,-0.99
1764.3578953676056,219.08790600885766,3351,-0.88
1789.4235304036138,222.58772481509465,2636,-0.8
1814.4828583348703,226.13871502226746,1235,-0.73
1839.5357876250782,229.7408636593825,378,-0.69
1864.5822267613073,233.39415756856832,149,-0.67
1516.4286472799345,157.34008253455457,3273,-1.71
1541.6052046211062,160.33380425133547,3317,-1.76
1566.7763600842125,163.37892476914817,3287,-1.76
1591.9420217244722,166.47543296482436,3285,-1.73
1617.1020976171728,169.623317527493,3293,-1.66
1642.2564958580028,172.82256695861034,3294,-1.57
1667.4051245633975,176.07316957201402,3311,-1.45
1692.547891870856,179.37511349395604,3315,-1.32
1717.6847059392944,182.72838666314752,3337,-1.19
1742.8154749493744,186.13297683080745,3333,-1.05
1767.9401071038358,189.5888715607117,3301,-0.94
1793.0585106278406,193.09605822921768,2553,-0.84
1818.1705937692989,196.65452402533572,1585,-0.77
1843.2762647992092,200.26425595075742,487,-0.72
1868.3754320119872,203.92524081991564,150,-0.7
1893.46800372581,207.63746526002706,133,-0.69
1569.9382276436183,133.80370253401102,3319,-1.83
1595.156794842788,136.90672049283657,3313,-1.8
1620.3697645515283,140.0612228267567,3314,-1.73
1645.5770446723186,143.26719801306078,3322,-1.63
1670.7785431284274,146.52463434101082,3334,-1.51
1695.974167864232,149.8335199119012,3335,-1.37
1721.1638268455729,153.1938426390877,3315,-1.22
1746.3474280600797,156.6055902480379,3366,-1.07
1771.5248795175078,160.06875027637946,3310,-0.95
1796.696089250082,163.58331007393468,3325,-0.84
1821.8609653128224,167.14925680278157,2786,-0.76
1847.0194157838869,170.76657743728373,1209,-0.7
1872.1713487648985,174.43525876415953,287,-0.67
1897.3166723812933,178.15528738250205,129,-0.66
1598.373890111429,107.31664943884302,3366,-1.83
1623.6397918433818,110.47777432427951,3361,-1.75
1648.8999920426825,113.69048012403111,3353,-1.65
1674.1543984392954,116.95475510277689,3356,-1.51
1699.4029187843348,120.27058733682824,3371,-1.36
1724.6454608504264,123.63796471416588,3356,-1.2
1749.8819324320282,127.05687493449099,3388,-1.05
1775.1122413457722,130.52730550926597,3371,-0.91
1800.3362954308068,134.04924376175694,3432,-0.79
1825.554002549122,137.62267682708867,3391,-0.7
1850.7652705858961,141.24759165227988,1920,-0.64
1875.9700074498212,144.9239749963062,887,-0.61
1901.1681210734512,148.65181343013302,369,-0.59
1926.3595194135369,152.43109333677492,112,-0.59
1652.2253646373201,84.09217592437376,3373,-1.61
1677.532717588837,87.36329454504376,3376,-1.47
1702.8341721485126,90.68607851221736,3381,-1.31
1728.1296358956145,94.0605156884817,3382,-1.14
1753.41901643129,97.48659374775242,3377,-0.98
1778.7022213789053,100.96430017530652,3404,-0.83
1803.9791583843914,104.49362226783387,3370,-0.71
1829.2497351165687,108.0745471334879,3471,-0.61
1854.5138592674937,111.70706169192397,3154,-0.55
1879.7714385527872,115.39115267435116,1776,-0.51
1905.0223807119805,119.12680662358612,1521,-0.49
1930.2665935088544,122.91400989409134,579,-0.49
1955.5039847317612,126.75274865203637,331,-0.5
1680.9135277209539,57.75001490824172,3405,-1.38
1706.2679555259797,61.07975573435546,3410,-1.21
1731.6163799755634,64.46125791504608,3411,-1.04
1756.9587084773996,67.89450909842317,3403,-0.88
1782.2948484614474,71.37949674356103,3357,-0.73
1807.6247073802772,74.91620812055483,3388,-0.6
1832.9481927093968,78.50463031056269,3436,-0.5
1858.2652119475997,82.14475020585698,3452,-0.43
1883.5756726172915,85.83655450986706,2603,-0.39
1908.8794822648401,89.5800297372309,2191,-0.37
1934.1765484609118,93.37516221384493,1307,-0.37
1959.4667788007987,97.22193807691208,722,-0.39
1984.7500809047676,101.12034327498966,327,-0.41
1709.7042965389246,31.451380842776246,3433,-1.1
1735.105721138491,34.839953290224955,3423,-0.93
1760.5010370445023,38.28038294057112,3478,-0.76
1785.8901514933661,41.77265722666858,3434,-0.61
1811.2729717441478,45.316763391998514,3525,-0.48
1836.6494050789,48.91268849070492,3494,-0.38
1862.019358803008,52.56041938765167,3439,-0.31
1887.382740245519,56.259942758471446,2451,-0.27
1912.7394567594934,60.01124508960199,1598,-0.25
1938.0894157223397,63.81431267835047,1094,-0.25
1963.4325245361442,67.66913163293515,925,-0.27
1988.7686906280203,71.57568787253733,817,-0.29
1865.7763300695847,22.953830965360186,2992,-0.2
1891.1926720995598,26.66107921038534,2930,-0.15
1916.6023352841419,30.42021453396158,1715,-0.13
1942.0052268073368,34.23122320478221,1253,-0.14
1967.4012538778798,38.09409130205992,1150,-0.15
1992.7903237295855,42.008804715571955,949,-0.18
1920.4681489889656,0.8066994487843785,2405,-0.04
1945.9240132929308,4.625655235654045,2149,-0.04
